"","Date","Price"
"1","2015-01-02",39.02
"2","2015-01-05",39.77
"3","2015-01-06",39.78
"4","2015-01-07",39
"5","2015-01-08",38.61
"6","2015-01-09",38.79
"7","2015-01-12",38.84
"8","2015-01-13",37.69
"9","2015-01-14",37.24
"10","2015-01-15",37
"11","2015-01-16",37.34
"12","2015-01-20",37.68
"13","2015-01-21",37.52
"14","2015-01-22",37.34
"15","2015-01-23",37.41
"16","2015-01-26",37.09
"17","2015-01-27",36.86
"18","2015-01-28",36.19
"19","2015-01-29",36.21
"20","2015-01-30",35.93
"21","2015-02-02",35.67
"22","2015-02-03",36.91
"23","2015-02-04",36.82
"24","2015-02-05",37.15
"25","2015-02-06",37.27
"26","2015-02-09",37.62
"27","2015-02-10",37.26
"28","2015-02-11",37.08
"29","2015-02-12",36.81
"30","2015-02-13",37.35
"31","2015-02-17",37.52
"32","2015-02-18",37
"33","2015-02-19",37.26
"34","2015-02-20",36.7
"35","2015-02-23",36.26
"36","2015-02-24",36.22
"37","2015-02-25",35.99
"38","2015-02-26",36.37
"39","2015-02-27",36.77
"40","2015-03-02",36.32
"41","2015-03-03",36.55
"42","2015-03-04",36.32
"43","2015-03-05",36.02
"44","2015-03-06",35.73
"45","2015-03-09",36.12
"46","2015-03-10",36.11
"47","2015-03-11",36.36
"48","2015-03-12",36.39
"49","2015-03-13",35.69
"50","2015-03-16",36
"51","2015-03-17",35.23
"52","2015-03-18",35.72
"53","2015-03-19",35.64
"54","2015-03-20",36.61
"55","2015-03-23",37.04
"56","2015-03-24",37.06
"57","2015-03-25",37
"58","2015-03-26",36.37
"59","2015-03-27",36.53
"60","2015-03-30",37.26
"61","2015-03-31",35.67
"62","2015-04-01",36.27
"63","2015-04-02",36.73
"64","2015-04-06",36.43
"65","2015-04-07",36.3
"66","2015-04-08",35.94
"67","2015-04-09",35.85
"68","2015-04-10",35.88
"69","2015-04-13",34.96
"70","2015-04-14",35.05
"71","2015-04-15",34.98
"72","2015-04-16",35.06
"73","2015-04-17",35.19
"74","2015-04-20",35.27
"75","2015-04-21",35.09
"76","2015-04-22",35.02
"77","2015-04-23",34.92
"78","2015-04-24",34.22
"79","2015-04-27",33.6
"80","2015-04-28",33.66
"81","2015-04-29",33.96
"82","2015-04-30",33.67
"83","2015-05-01",33.46
"84","2015-05-04",33.29
"85","2015-05-05",33.17
"86","2015-05-06",33.68
"87","2015-05-07",33.24
"88","2015-05-08",33.6
"89","2015-05-11",33.31
"90","2015-05-12",33.28
"91","2015-05-13",33.42
"92","2015-05-14",34.39
"93","2015-05-15",34.2
"94","2015-05-18",34.55
"95","2015-05-19",34.03
"96","2015-05-20",33.79
"97","2015-05-21",34.2
"98","2015-05-22",33.95
"99","2015-05-26",33.17
"100","2015-05-27",32.7
"101","2015-05-28",32.96
"102","2015-05-29",32.61
"103","2015-06-01",32.98
"104","2015-06-02",33.62
"105","2015-06-03",33.61
"106","2015-06-04",34.14
"107","2015-06-05",33.77
"108","2015-06-08",34.31
"109","2015-06-09",34.46
"110","2015-06-10",33.71
"111","2015-06-11",33.47
"112","2015-06-12",33.22
"113","2015-06-15",32.55
"114","2015-06-16",32.8
"115","2015-06-17",33.3
"116","2015-06-18",33.15
"117","2015-06-19",32.85
"118","2015-06-22",33.42
"119","2015-06-23",34.19
"120","2015-06-24",34.02
"121","2015-06-25",34.93
"122","2015-06-26",35.79
"123","2015-06-29",36.02
"124","2015-06-30",38.11
"125","2015-07-01",37.77
"126","2015-07-02",37.92
"127","2015-07-06",38.09
"128","2015-07-07",37.65
"129","2015-07-08",37.55
"130","2015-07-09",37.82
"131","2015-07-10",38.03
"132","2015-07-13",38.36
"133","2015-07-14",37.51
"134","2015-07-15",37.61
"135","2015-07-16",37.43
"136","2015-07-17",36.81
"137","2015-07-20",35.72
"138","2015-07-21",35.53
"139","2015-07-22",35.11
"140","2015-07-23",35.22
"141","2015-07-24",34.41
"142","2015-07-27",33.26
"143","2015-07-28",33.65
"144","2015-07-29",32.93
"145","2015-07-30",33.3
"146","2015-07-31",33.11
"147","2015-08-03",32.9
"148","2015-08-04",32.92
"149","2015-08-05",33.3
"150","2015-08-06",33.22
"151","2015-08-07",33.44
"152","2015-08-10",34.64
"153","2015-08-11",33.63
"154","2015-08-12",32.44
"155","2015-08-13",33.02
"156","2015-08-14",33.04
"157","2015-08-17",32.9
"158","2015-08-18",32.9
"159","2015-08-19",32.88
"160","2015-08-20",33.27
"161","2015-08-21",32.88
"162","2015-08-24",33.22
"163","2015-08-25",32.83
"164","2015-08-26",32.54
"165","2015-08-27",32.62
"166","2015-08-28",32.46
"167","2015-08-31",32.54
"168","2015-09-01",32.01
"169","2015-09-02",31.88
"170","2015-09-03",31.39
"171","2015-09-04",31.48
"172","2015-09-08",31.87
"173","2015-09-09",31.84
"174","2015-09-10",32.27
"175","2015-09-11",33.14
"176","2015-09-14",33.72
"177","2015-09-15",33.43
"178","2015-09-16",33.09
"179","2015-09-17",32.68
"180","2015-09-18",32.6
"181","2015-09-21",33.19
"182","2015-09-22",32.93
"183","2015-09-23",33.27
"184","2015-09-24",33.01
"185","2015-09-25",33.64
"186","2015-09-28",33.44
"187","2015-09-29",33.45
"188","2015-09-30",33.64
"189","2015-10-01",33.7
"190","2015-10-02",33.58
"191","2015-10-05",33.86
"192","2015-10-06",34.34
"193","2015-10-07",34.01
"194","2015-10-08",33.73
"195","2015-10-09",33.25
"196","2015-10-12",33.16
"197","2015-10-13",33.52
"198","2015-10-14",33.07
"199","2015-10-15",32.77
"200","2015-10-16",32.68
"201","2015-10-19",32.28
"202","2015-10-20",32.56
"203","2015-10-21",32.69
"204","2015-10-22",32.52
"205","2015-10-23",32.56
"206","2015-10-26",33.18
"207","2015-10-27",32.9
"208","2015-10-28",32.72
"209","2015-10-29",33.02
"210","2015-10-30",33.21
"211","2015-11-02",32.6
"212","2015-11-03",32.88
"213","2015-11-04",33.09
"214","2015-11-05",32.7
"215","2015-11-06",32.69
"216","2015-11-09",32.03
"217","2015-11-10",31.53
"218","2015-11-11",31.54
"219","2015-11-12",31.52
"220","2015-11-13",31.29
"221","2015-11-16",31.28
"222","2015-11-17",31.18
"223","2015-11-18",31.2
"224","2015-11-19",31.39
"225","2015-11-20",31.32
"226","2015-11-23",31.65
"227","2015-11-24",31.36
"228","2015-11-25",31.45
"229","2015-11-27",31.05
"230","2015-11-30",31.35
"231","2015-12-01",31.35
"232","2015-12-02",31.01
"233","2015-12-03",31.58
"234","2015-12-04",31.92
"235","2015-12-07",31.46
"236","2015-12-08",31.41
"237","2015-12-09",31.56
"238","2015-12-10",31.9
"239","2015-12-11",31.67
"240","2015-12-14",31.86
"241","2015-12-15",31.72
"242","2015-12-16",31.29
"243","2015-12-17",31.48
"244","2015-12-18",31.58
"245","2015-12-21",31.34
"246","2015-12-22",30.93
"247","2015-12-23",30.79
"248","2015-12-24",30.71
"249","2015-12-28",30.52
"250","2015-12-29",30.75
"251","2015-12-30",30.42
"252","2015-12-31",30.36
"253","2016-01-04",29.83
"254","2016-01-05",29.85
"255","2016-01-06",29.86
"256","2016-01-07",30
"257","2016-01-08",30.37
"258","2016-01-11",29.9
"259","2016-01-12",30.28
"260","2016-01-13",30.37
"261","2016-01-14",30.14
"262","2016-01-15",30.42
"263","2016-01-19",30.73
"264","2016-01-20",30.72
"265","2016-01-21",30.61
"266","2016-01-22",30.83
"267","2016-01-25",30.93
"268","2016-01-26",30.95
"269","2016-01-27",30.85
"270","2016-01-28",30.53
"271","2016-01-29",30.95
"272","2016-02-01",30.87
"273","2016-02-02",30.95
"274","2016-02-03",30.93
"275","2016-02-04",30.74
"276","2016-02-05",30.4
"277","2016-02-08",30.08
"278","2016-02-09",29.98
"279","2016-02-10",29.99
"280","2016-02-11",29.99
"281","2016-02-12",29.88
"282","2016-02-16",30.1
"283","2016-02-17",30.46
"284","2016-02-18",30.29
"285","2016-02-19",30.28
"286","2016-02-22",30.36
"287","2016-02-23",29.94
"288","2016-02-24",29.75
"289","2016-02-25",29.55
"290","2016-02-26",29.49
"291","2016-02-29",29.3
"292","2016-03-01",29.13
"293","2016-03-02",29.15
"294","2016-03-03",29.36
"295","2016-03-04",29.59
"296","2016-03-07",29.62
"297","2016-03-08",29.73
"298","2016-03-09",29.68
"299","2016-03-10",29.99
"300","2016-03-11",30.11
"301","2016-03-14",30.38
"302","2016-03-15",30.38
"303","2016-03-16",30.26
"304","2016-03-17",30.06
"305","2016-03-18",30.02
"306","2016-03-21",30.19
"307","2016-03-22",30.22
"308","2016-03-23",30.07
"309","2016-03-24",30.12
"310","2016-03-28",30.29
"311","2016-03-29",30.49
"312","2016-03-30",29.95
"313","2016-03-31",29.12
"314","2016-04-01",29.28
"315","2016-04-04",29.21
"316","2016-04-05",29.36
"317","2016-04-06",29.19
"318","2016-04-07",29.32
"319","2016-04-08",29.36
"320","2016-04-11",28.83
"321","2016-04-12",29.18
"322","2016-04-13",29.99
"323","2016-04-14",29.95
"324","2016-04-15",30.15
"325","2016-04-18",30.63
"326","2016-04-19",31.12
"327","2016-04-20",31.97
"328","2016-04-21",31.05
"329","2016-04-22",29.88
"330","2016-04-25",30.46
"331","2016-04-26",30.87
"332","2016-04-27",30.62
"333","2016-04-28",30.96
"334","2016-04-29",31.13
"335","2016-05-02",31.09
"336","2016-05-03",30.1
"337","2016-05-04",29.96
"338","2016-05-05",29.66
"339","2016-05-06",29.93
"340","2016-05-09",29.27
"341","2016-05-10",30
"342","2016-05-11",29.89
"343","2016-05-12",30.54
"344","2016-05-13",30.65
"345","2016-05-16",30.75
"346","2016-05-17",31.09
"347","2016-05-18",30.92
"348","2016-05-19",30.44
"349","2016-05-20",30.56
"350","2016-05-23",30.69
"351","2016-05-24",30.61
"352","2016-05-25",30.96
"353","2016-05-26",31.32
"354","2016-05-27",31.47
"355","2016-05-31",30.87
"356","2016-06-01",31.44
"357","2016-06-02",31.56
"358","2016-06-03",31.97
"359","2016-06-06",32.57
"360","2016-06-07",32.69
"361","2016-06-08",32.85
"362","2016-06-09",32.58
"363","2016-06-10",32.18
"364","2016-06-13",32.5
"365","2016-06-14",32.7
"366","2016-06-15",32.17
"367","2016-06-16",31.95
"368","2016-06-17",32.66
"369","2016-06-20",31.87
"370","2016-06-21",30.7
"371","2016-06-22",30.38
"372","2016-06-23",30.09
"373","2016-06-24",29.91
"374","2016-06-27",29.79
"375","2016-06-28",29.68
"376","2016-06-29",29.03
"377","2016-06-30",28.75
"378","2016-07-01",28.13
"379","2016-07-05",27.73
"380","2016-07-06",27.3
"381","2016-07-07",27.21
"382","2016-07-08",28.05
"383","2016-07-11",27.65
"384","2016-07-12",27.95
"385","2016-07-13",28.49
"386","2016-07-14",28.1
"387","2016-07-15",27.77
"388","2016-07-18",28.09
"389","2016-07-19",27.27
"390","2016-07-20",26.88
"391","2016-07-21",26.8
"392","2016-07-22",27.05
"393","2016-07-25",27.06
"394","2016-07-26",26.77
"395","2016-07-27",26.84
"396","2016-07-28",26.6
"397","2016-07-29",26.74
"398","2016-08-01",26.35
"399","2016-08-02",26.34
"400","2016-08-03",26.57
"401","2016-08-04",26.28
"402","2016-08-05",26.49
"403","2016-08-08",26.56
"404","2016-08-09",26.44
"405","2016-08-10",26.48
"406","2016-08-11",26.42
"407","2016-08-12",26.54
"408","2016-08-15",26.62
"409","2016-08-16",26.62
"410","2016-08-17",26.75
"411","2016-08-18",27.01
"412","2016-08-19",27.04
"413","2016-08-22",26.91
"414","2016-08-23",26.51
"415","2016-08-24",26.39
"416","2016-08-25",26.13
"417","2016-08-26",25.53
"418","2016-08-29",25.16
"419","2016-08-30",24.81
"420","2016-08-31",24.76
"421","2016-09-01",25.25
"422","2016-09-02",25.56
"423","2016-09-06",25.42
"424","2016-09-07",25.81
"425","2016-09-08",26.13
"426","2016-09-09",26.19
"427","2016-09-12",26.25
"428","2016-09-13",25.62
"429","2016-09-14",25.78
"430","2016-09-15",25.58
"431","2016-09-16",25.95
"432","2016-09-19",25.97
"433","2016-09-20",26.1
"434","2016-09-21",26.1
"435","2016-09-22",25.93
"436","2016-09-23",25.84
"437","2016-09-26",25.44
"438","2016-09-27",25.67
"439","2016-09-28",25.55
"440","2016-09-29",25.48
"441","2016-09-30",25.87
"442","2016-10-03",26.27
"443","2016-10-04",26.37
"444","2016-10-05",26.54
"445","2016-10-06",26.01
"446","2016-10-07",25.95
"447","2016-10-10",26.24
"448","2016-10-11",26.32
"449","2016-10-12",25.82
"450","2016-10-13",26.7
"451","2016-10-14",26.94
"452","2016-10-17",27.03
"453","2016-10-18",26.99
"454","2016-10-19",27.18
"455","2016-10-20",26.77
"456","2016-10-21",26.79
"457","2016-10-24",26.46
"458","2016-10-25",26.55
"459","2016-10-26",26.82
"460","2016-10-27",27.01
"461","2016-10-28",26.83
"462","2016-10-31",26.78
"463","2016-11-01",26.54
"464","2016-11-02",26.52
"465","2016-11-03",26.52
"466","2016-11-04",26.49
"467","2016-11-07",26.38
"468","2016-11-08",26.79
"469","2016-11-09",26.06
"470","2016-11-10",26.02
"471","2016-11-11",25.93
"472","2016-11-14",25.62
"473","2016-11-15",25.9
"474","2016-11-16",25.7
"475","2016-11-17",25.91
"476","2016-11-18",26.14
"477","2016-11-21",26.41
"478","2016-11-22",26.49
"479","2016-11-23",26.43
"480","2016-11-25",26.36
"481","2016-11-28",26.28
"482","2016-11-29",25.65
"483","2016-11-30",25.59
"484","2016-12-01",25.18
"485","2016-12-02",25.51
"486","2016-12-05",26.09
"487","2016-12-06",26.1
"488","2016-12-07",25.96
"489","2016-12-08",25.87
"490","2016-12-09",26.12
"491","2016-12-12",26.25
"492","2016-12-13",26.33
"493","2016-12-14",26.33
"494","2016-12-15",25.93
"495","2016-12-16",26.04
"496","2016-12-19",25.83
"497","2016-12-20",25.6
"498","2016-12-21",25.42
"499","2016-12-22",25.38
"500","2016-12-23",25.28
"501","2016-12-27",25.82
"502","2016-12-28",25.45
"503","2016-12-29",25.56
"504","2016-12-30",25.59
"505","2017-01-03",25.79
"506","2017-01-04",26.15
"507","2017-01-05",26.3
"508","2017-01-06",26.22
"509","2017-01-09",26.37
"510","2017-01-10",26.29
"511","2017-01-11",26.12
"512","2017-01-12",26.28
"513","2017-01-13",26.33
"514","2017-01-17",26.81
"515","2017-01-18",26.71
"516","2017-01-19",26.68
"517","2017-01-20",26.93
"518","2017-01-23",26.97
"519","2017-01-24",26.61
"520","2017-01-25",26.68
"521","2017-01-26",26.56
"522","2017-01-27",26.4
"523","2017-01-30",26.08
"524","2017-01-31",26.23
"525","2017-02-01",26.83
"526","2017-02-02",26.77
"527","2017-02-03",26.62
"528","2017-02-06",26.49
"529","2017-02-07",26.79
"530","2017-02-08",26.85
"531","2017-02-09",26.97
"532","2017-02-10",27.35
"533","2017-02-13",27.42
"534","2017-02-14",27.37
"535","2017-02-15",27.62
"536","2017-02-16",27.24
"537","2017-02-17",26.98
"538","2017-02-21",26.97
"539","2017-02-22",27.11
"540","2017-02-23",26.8
"541","2017-02-24",26.65
"542","2017-02-27",26.4
"543","2017-02-28",26.67
"544","2017-03-01",27.32
"545","2017-03-02",27.04
"546","2017-03-03",27.12
"547","2017-03-06",27.13
"548","2017-03-07",26.99
"549","2017-03-08",26.67
"550","2017-03-09",26.39
"551","2017-03-10",26.22
"552","2017-03-13",25.86
"553","2017-03-14",25.9
"554","2017-03-15",26.06
"555","2017-03-16",26.14
"556","2017-03-17",26.27
"557","2017-03-20",25.95
"558","2017-03-21",25.84
"559","2017-03-22",25.64
"560","2017-03-23",25.52
"561","2017-03-24",25.55
"562","2017-03-27",25.49
"563","2017-03-28",25.58
"564","2017-03-29",25.64
"565","2017-03-30",25.55
"566","2017-03-31",25.97
"567","2017-04-03",26.1
"568","2017-04-04",25.88
"569","2017-04-05",25.94
"570","2017-04-06",25.74
"571","2017-04-07",25.68
"572","2017-04-10",25.99
"573","2017-04-11",26.08
"574","2017-04-12",26.24
"575","2017-04-13",26.22
"576","2017-04-17",25.9
"577","2017-04-18",25.71
"578","2017-04-19",25.69
"579","2017-04-20",25.27
"580","2017-04-21",25.27
"581","2017-04-24",25.32
"582","2017-04-25",25.7
"583","2017-04-26",25.41
"584","2017-04-27",25.6
"585","2017-04-28",25.51
"586","2017-05-01",26.33
"587","2017-05-02",26.16
"588","2017-05-03",26.21
"589","2017-05-04",25.62
"590","2017-05-05",25.91
"591","2017-05-08",25.56
"592","2017-05-09",25.54
"593","2017-05-10",25.85
"594","2017-05-11",25.69
"595","2017-05-12",25.75
"596","2017-05-15",25.5
"597","2017-05-16",25.52
"598","2017-05-17",25.73
"599","2017-05-18",25.42
"600","2017-05-19",25.87
"601","2017-05-22",25.99
"602","2017-05-23",25.73
"603","2017-05-24",25.76
"604","2017-05-25",25.69
"605","2017-05-26",25.96
"606","2017-05-30",25.57
"607","2017-05-31",25.77
"608","2017-06-01",25.68
"609","2017-06-02",25.77
"610","2017-06-05",25.78
"611","2017-06-06",26.11
"612","2017-06-07",26.49
"613","2017-06-08",26.47
"614","2017-06-09",26.63
"615","2017-06-12",26.06
"616","2017-06-13",26.38
"617","2017-06-14",26.21
"618","2017-06-15",26.38
"619","2017-06-16",26.82
"620","2017-06-19",26.38
"621","2017-06-20",26.2
"622","2017-06-21",26.09
"623","2017-06-22",25.76
"624","2017-06-23",25.51
"625","2017-06-26",25.52
"626","2017-06-27",25.53
"627","2017-06-28",25.56
"628","2017-06-29",25.95
"629","2017-06-30",26.88
"630","2017-07-03",27.57
"631","2017-07-05",27.88
"632","2017-07-06",27.58
"633","2017-07-07",27.5
"634","2017-07-10",28.2
"635","2017-07-11",28.2
"636","2017-07-12",27.34
"637","2017-07-13",26.48
"638","2017-07-14",26.7
"639","2017-07-17",26.65
"640","2017-07-18",26.7
"641","2017-07-19",26.93
"642","2017-07-20",27.3
"643","2017-07-21",26.79
"644","2017-07-24",26.51
"645","2017-07-25",26.01
"646","2017-07-26",26.19
"647","2017-07-27",26.26
"648","2017-07-28",26.39
"649","2017-07-31",26.19
"650","2017-08-01",25.64
"651","2017-08-02",25.76
"652","2017-08-03",25.7
"653","2017-08-04",25.8
"654","2017-08-07",26.09
"655","2017-08-08",25.88
"656","2017-08-09",25.99
"657","2017-08-10",25.23
"658","2017-08-11",25.3
"659","2017-08-14",25.33
"660","2017-08-15",24.89
"661","2017-08-16",24.7
"662","2017-08-17",24.51
"663","2017-08-18",24.6
"664","2017-08-21",24.38
"665","2017-08-22",24.2
"666","2017-08-23",24.02
"667","2017-08-24",24.11
"668","2017-08-25",23.96
"669","2017-08-28",23.81
"670","2017-08-29",23.74
"671","2017-08-30",23.53
"672","2017-08-31",24.15
"673","2017-09-01",24.07
"674","2017-09-05",24.23
"675","2017-09-06",24.44
"676","2017-09-07",24.07
"677","2017-09-08",24.15
"678","2017-09-11",24.1
"679","2017-09-12",23.94
"680","2017-09-13",23.97
"681","2017-09-14",24.05
"682","2017-09-15",24.15
"683","2017-09-18",23.95
"684","2017-09-19",23.82
"685","2017-09-20",24
"686","2017-09-21",24.01
"687","2017-09-22",24.1
"688","2017-09-25",24.16
"689","2017-09-26",24.13
"690","2017-09-27",24.3
"691","2017-09-28",24.15
"692","2017-09-29",24.22
"693","2017-10-02",24.01
"694","2017-10-03",23.91
"695","2017-10-04",23.79
"696","2017-10-05",23.86
"697","2017-10-06",23.94
"698","2017-10-09",23.84
"699","2017-10-10",23.76
"700","2017-10-11",23.58
"701","2017-10-12",23.7
"702","2017-10-13",23.99
"703","2017-10-16",23.86
"704","2017-10-17",23.81
"705","2017-10-18",23.69
"706","2017-10-19",23.73
"707","2017-10-20",23.49
"708","2017-10-23",23.89
"709","2017-10-24",23.96
"710","2017-10-25",23.87
"711","2017-10-26",23.77
"712","2017-10-27",23.64
"713","2017-10-30",23.62
"714","2017-10-31",23.41
"715","2017-11-01",23.47
"716","2017-11-02",23.69
"717","2017-11-03",23.6
"718","2017-11-06",23.59
"719","2017-11-07",23.56
"720","2017-11-08",23.49
"721","2017-11-09",23.25
"722","2017-11-10",23.33
"723","2017-11-13",23.19
"724","2017-11-14",23.03
"725","2017-11-15",23.01
"726","2017-11-16",22.85
"727","2017-11-17",23.2
"728","2017-11-20",23.17
"729","2017-11-21",23.18
"730","2017-11-22",23.23
"731","2017-11-24",23.05
"732","2017-11-27",22.88
"733","2017-11-28",22.75
"734","2017-11-29",23.02
"735","2017-11-30",23.08
"736","2017-12-01",23.25
"737","2017-12-04",22.97
"738","2017-12-05",23.01
"739","2017-12-06",22.84
"740","2017-12-07",22.78
"741","2017-12-08",22.76
"742","2017-12-11",22.55
"743","2017-12-12",22.46
"744","2017-12-13",22.55
"745","2017-12-14",22.57
"746","2017-12-15",22.46
"747","2017-12-18",22.48
"748","2017-12-19",22.53
"749","2017-12-20",22.61
"750","2017-12-21",22.72
"751","2017-12-22",22.75
"752","2017-12-26",22.73
"753","2017-12-27",22.84
"754","2017-12-28",22.77
"755","2017-12-29",22.77
"756","2018-01-02",22.93
"757","2018-01-03",22.93
"758","2018-01-04",22.85
"759","2018-01-05",22.78
"760","2018-01-08",22.58
"761","2018-01-09",22.73
"762","2018-01-10",22.8
"763","2018-01-11",22.78
"764","2018-01-12",22.53
"765","2018-01-16",22.55
"766","2018-01-17",22.77
"767","2018-01-18",22.77
"768","2018-01-19",22.78
"769","2018-01-22",22.78
"770","2018-01-23",22.74
"771","2018-01-24",23.03
"772","2018-01-25",23.04
"773","2018-01-26",23.16
"774","2018-01-29",23.34
"775","2018-01-30",23.55
"776","2018-01-31",23.47
"777","2018-02-01",23.45
"778","2018-02-02",23.36
"779","2018-02-05",23.17
"780","2018-02-06",23.46
"781","2018-02-07",23.69
"782","2018-02-08",23.6
"783","2018-02-09",23.42
"784","2018-02-12",23.83
"785","2018-02-13",23.76
"786","2018-02-14",23.71
"787","2018-02-15",23.88
"788","2018-02-16",23.78
"789","2018-02-20",23.61
"790","2018-02-21",23.59
"791","2018-02-22",23.69
"792","2018-02-23",23.68
"793","2018-02-26",23.93
"794","2018-02-27",24.03
"795","2018-02-28",24.28
"796","2018-03-01",24.82
"797","2018-03-02",24.54
"798","2018-03-05",24.75
"799","2018-03-06",24.74
"800","2018-03-07",24.63
"801","2018-03-08",24.9
"802","2018-03-09",24.64
"803","2018-03-12",24.67
"804","2018-03-13",24.69
"805","2018-03-14",24.62
"806","2018-03-15",24.4
"807","2018-03-16",24.08
"808","2018-03-19",23.61
"809","2018-03-20",23.55
"810","2018-03-21",23.56
"811","2018-03-22",23.66
"812","2018-03-23",23.72
"813","2018-03-26",23.61
"814","2018-03-27",23.49
"815","2018-03-28",23.45
"816","2018-03-29",24.16
"817","2018-04-02",24.11
"818","2018-04-03",24.24
"819","2018-04-04",23.89
"820","2018-04-05",24.39
"821","2018-04-06",24.45
"822","2018-04-09",24.8
"823","2018-04-10",24.77
"824","2018-04-11",24.61
"825","2018-04-12",24.65
"826","2018-04-13",24.37
"827","2018-04-16",24.11
"828","2018-04-17",24.05
"829","2018-04-18",24.24
"830","2018-04-19",24.26
"831","2018-04-20",23.88
"832","2018-04-23",23.9
"833","2018-04-24",24.12
"834","2018-04-25",24.5
"835","2018-04-26",24.41
"836","2018-04-27",24.7
"837","2018-04-30",24.91
"838","2018-05-01",25.32
"839","2018-05-02",25.29
"840","2018-05-03",25.52
"841","2018-05-04",25.3
"842","2018-05-07",24.88
"843","2018-05-08",25.12
"844","2018-05-09",25.01
"845","2018-05-10",24.87
"846","2018-05-11",24.64
"847","2018-05-14",24.58
"848","2018-05-15",24.76
"849","2018-05-16",24.64
"850","2018-05-17",24.55
"851","2018-05-18",25.01
"852","2018-05-21",25
"853","2018-05-22",25.2
"854","2018-05-23",25.42
"855","2018-05-24",25.27
"856","2018-05-25",25.51
"857","2018-05-29",25.2
"858","2018-05-30",24.82
"859","2018-05-31",24.89
"860","2018-06-01",24.8
"861","2018-06-04",24.25
"862","2018-06-05",24.41
"863","2018-06-06",24.4
"864","2018-06-07",24.4
"865","2018-06-08",24.35
"866","2018-06-11",23.86
"867","2018-06-12",24.47
"868","2018-06-13",24.21
"869","2018-06-14",23.59
"870","2018-06-15",23.44
"871","2018-06-18",23.08
"872","2018-06-19",22.91
"873","2018-06-20",23.01
"874","2018-06-21",23.2
"875","2018-06-22",23.12
"876","2018-06-25",22.69
"877","2018-06-26",22.71
"878","2018-06-27",22.72
"879","2018-06-28",22.37
"880","2018-06-29",22.82
"881","2018-07-02",22.14
"882","2018-07-03",22.44
"883","2018-07-05",22.52
"884","2018-07-06",23.03
"885","2018-07-09",22.75
"886","2018-07-10",22.31
"887","2018-07-11",21.83
"888","2018-07-12",22.11
"889","2018-07-13",22.05
"890","2018-07-16",22.04
"891","2018-07-17",22.31
"892","2018-07-18",22.32
"893","2018-07-19",22.57
"894","2018-07-20",22.84
"895","2018-07-23",22.92
"896","2018-07-24",22.72
"897","2018-07-25",23.34
"898","2018-07-26",23.26
"899","2018-07-27",23.25
"900","2018-07-30",23.65
"901","2018-07-31",23.9
"902","2018-08-01",23.74
"903","2018-08-02",23.86
"904","2018-08-03",23.98
"905","2018-08-06",24.16
"906","2018-08-07",24.07
"907","2018-08-08",24.14
"908","2018-08-09",23.93
"909","2018-08-10",23.34
"910","2018-08-13",23.16
"911","2018-08-14",23.49
"912","2018-08-15",23.36
"913","2018-08-16",23.64
"914","2018-08-17",23.75
"915","2018-08-20",23.54
"916","2018-08-21",23.22
"917","2018-08-22",22.95
"918","2018-08-23",22.7
"919","2018-08-24",22.64
"920","2018-08-27",22.45
"921","2018-08-28",22.29
"922","2018-08-29",22.47
"923","2018-08-30",22.39
"924","2018-08-31",22.87
"925","2018-09-04",22.8
"926","2018-09-05",22.64
"927","2018-09-06",22.56
"928","2018-09-07",22.55
"929","2018-09-10",22.78
"930","2018-09-11",22.61
"931","2018-09-12",22.04
"932","2018-09-13",21.88
"933","2018-09-14",22.03
"934","2018-09-17",21.84
"935","2018-09-18",21.69
"936","2018-09-19",21.89
"937","2018-09-20",22.14
"938","2018-09-21",22.33
"939","2018-09-24",22.46
"940","2018-09-25",22.51
"941","2018-09-26",22.4
"942","2018-09-27",22.46
"943","2018-09-28",22.12
"944","2018-10-01",22.51
"945","2018-10-02",22.69
"946","2018-10-03",22.5
"947","2018-10-04",22.66
"948","2018-10-05",22.67
"949","2018-10-08",22.53
"950","2018-10-09",22.51
"951","2018-10-10",22.34
"952","2018-10-11",22.59
"953","2018-10-12",22.88
"954","2018-10-15",23.05
"955","2018-10-16",22.98
"956","2018-10-17",22.85
"957","2018-10-18",22.7
"958","2018-10-19",22.53
"959","2018-10-22",22.61
"960","2018-10-23",22.65
"961","2018-10-24",22.47
"962","2018-10-25",22.08
"963","2018-10-26",22.55
"964","2018-10-29",22.51
"965","2018-10-30",22.32
"966","2018-10-31",22.26
"967","2018-11-01",22.41
"968","2018-11-02",22.59
"969","2018-11-05",22.65
"970","2018-11-06",22.66
"971","2018-11-07",22.59
"972","2018-11-08",22.61
"973","2018-11-09",22.35
"974","2018-11-12",22.52
"975","2018-11-13",22.28
"976","2018-11-14",22.26
"977","2018-11-15",22.25
"978","2018-11-16",22.2
"979","2018-11-19",22.02
"980","2018-11-20",22
"981","2018-11-21",21.97
"982","2018-11-23",21.91
"983","2018-11-26",21.85
"984","2018-11-27",21.78
"985","2018-11-28",22.05
"986","2018-11-29",21.97
"987","2018-11-30",22.24
"988","2018-12-03",22.44
"989","2018-12-04",22.52
"990","2018-12-06",22.39
"991","2018-12-07",22.67
"992","2018-12-10",22.54
"993","2018-12-11",22.57
"994","2018-12-12",22.59
"995","2018-12-13",22.67
"996","2018-12-14",22.62
"997","2018-12-17",22.64
"998","2018-12-18",22.69
"999","2018-12-19",22.45
"1000","2018-12-20",22.23
"1001","2018-12-21",22.21
"1002","2018-12-24",22.24
"1003","2018-12-26",22
"1004","2018-12-27",22.1
"1005","2018-12-28",22.13
"1006","2018-12-31",21.98
"1007","2019-01-02",22.1
"1008","2019-01-03",22.28
"1009","2019-01-04",22.46
"1010","2019-01-07",22.46
"1011","2019-01-08",22.42
"1012","2019-01-09",22.49
"1013","2019-01-10",22.22
"1014","2019-01-11",22.35
"1015","2019-01-14",22.36
"1016","2019-01-15",22.05
"1017","2019-01-16",22.14
"1018","2019-01-17",22.35
"1019","2019-01-18",22.38
"1020","2019-01-22",22.37
"1021","2019-01-23",22.43
"1022","2019-01-24",22.35
"1023","2019-01-25",22.41
"1024","2019-01-28",22.4
"1025","2019-01-29",22.28
"1026","2019-01-30",22.41
"1027","2019-01-31",22.24
"1028","2019-02-01",22.33
"1029","2019-02-04",22.38
"1030","2019-02-05",22.43
"1031","2019-02-06",22.39
"1032","2019-02-07",22.15
"1033","2019-02-08",22.06
"1034","2019-02-11",22.07
"1035","2019-02-12",22.22
"1036","2019-02-13",22.31
"1037","2019-02-14",22.05
"1038","2019-02-15",21.96
"1039","2019-02-19",21.65
"1040","2019-02-20",21.63
"1041","2019-02-21",21.85
"1042","2019-02-22",21.88
"1043","2019-02-25",21.52
"1044","2019-02-26",21.31
"1045","2019-02-27",21.21
"1046","2019-02-28",21.02
"1047","2019-03-01",21.1
"1048","2019-03-04",21.18
"1049","2019-03-05",21.29
"1050","2019-03-06",21.01
"1051","2019-03-07",20.61
"1052","2019-03-08",20.6
"1053","2019-03-11",20.43
"1054","2019-03-12",20.85
"1055","2019-03-13",20.81
"1056","2019-03-14",20.95
"1057","2019-03-15",21.1
"1058","2019-03-18",21.08
"1059","2019-03-19",21.04
"1060","2019-03-20",21.12
"1061","2019-03-21",21.29
"1062","2019-03-22",21.38
"1063","2019-03-25",21.47
"1064","2019-03-26",21.38
"1065","2019-03-27",21.28
"1066","2019-03-28",21.21
"1067","2019-03-29",20.52
"1068","2019-04-01",20.77
"1069","2019-04-02",20.77
"1070","2019-04-03",20.9
"1071","2019-04-04",20.98
"1072","2019-04-05",20.77
"1073","2019-04-08",20.73
"1074","2019-04-09",20.69
"1075","2019-04-10",20.7
"1076","2019-04-11",20.69
"1077","2019-04-12",20.69
"1078","2019-04-15",20.75
"1079","2019-04-16",20.42
"1080","2019-04-17",20.43
"1081","2019-04-18",20.36
"1082","2019-04-22",20.13
"1083","2019-04-23",20.06
"1084","2019-04-24",19.79
"1085","2019-04-25",19.89
"1086","2019-04-26",20.12
"1087","2019-04-29",20
"1088","2019-04-30",20.01
"1089","2019-05-01",20.31
"1090","2019-05-02",20.43
"1091","2019-05-03",20.36
"1092","2019-05-06",20.11
"1093","2019-05-07",20.27
"1094","2019-05-08",20.08
"1095","2019-05-09",19.63
"1096","2019-05-10",19.55
"1097","2019-05-13",19.85
"1098","2019-05-14",20.32
"1099","2019-05-15",20.25
"1100","2019-05-16",20.72
"1101","2019-05-17",20.69
"1102","2019-05-20",21.02
"1103","2019-05-21",21.17
"1104","2019-05-22",21.21
"1105","2019-05-23",21.07
"1106","2019-05-24",21.62
"1107","2019-05-28",22.26
"1108","2019-05-29",22.07
"1109","2019-05-30",22.76
"1110","2019-05-31",22.35
"1111","2019-06-03",22.42
"1112","2019-06-04",22.42
"1113","2019-06-05",21.88
"1114","2019-06-06",22.25
"1115","2019-06-07",22.01
"1116","2019-06-10",22.1
"1117","2019-06-11",22.47
"1118","2019-06-12",22.62
"1119","2019-06-13",22.94
"1120","2019-06-14",23.16
"1121","2019-06-17",23.34
"1122","2019-06-18",23.05
"1123","2019-06-19",22.68
"1124","2019-06-20",22.96
"1125","2019-06-21",22.81
"1126","2019-06-24",23.03
"1127","2019-06-25",22.98
"1128","2019-06-26",22.94
"1129","2019-06-27",22.82
"1130","2019-06-28",22.17
"1131","2019-07-01",21.75
"1132","2019-07-02",21.88
"1133","2019-07-03",22.43
"1134","2019-07-05",22.43
"1135","2019-07-08",22.37
"1136","2019-07-09",22.09
"1137","2019-07-10",22.2
"1138","2019-07-11",22.62
"1139","2019-07-12",22.99
"1140","2019-07-15",22.48
"1141","2019-07-16",22.29
"1142","2019-07-17",22.26
"1143","2019-07-18",21.88
"1144","2019-07-19",22.17
"1145","2019-07-22",21.73
"1146","2019-07-23",21.86
"1147","2019-07-24",21.88
"1148","2019-07-25",21.87
"1149","2019-07-26",21.72
"1150","2019-07-29",21.84
"1151","2019-07-30",21.58
"1152","2019-07-31",21.17
"1153","2019-08-01",20.9
"1154","2019-08-02",21.18
"1155","2019-08-05",21.39
"1156","2019-08-06",21.15
"1157","2019-08-07",21.35
"1158","2019-08-08",21.51
"1159","2019-08-09",21.53
"1160","2019-08-12",20.38
"1161","2019-08-13",20.15
"1162","2019-08-14",19.98
"1163","2019-08-15",19.93
"1164","2019-08-16",20.21
"1165","2019-08-19",20.01
"1166","2019-08-20",19.83
"1167","2019-08-21",19.86
"1168","2019-08-22",19.86
"1169","2019-08-23",19.82
"1170","2019-08-26",19.85
"1171","2019-08-27",19.73
"1172","2019-08-28",19.88
"1173","2019-08-29",19.85
"1174","2019-08-30",19.71
"1175","2019-09-03",19.41
"1176","2019-09-04",19.39
"1177","2019-09-05",19.49
"1178","2019-09-06",19.3
"1179","2019-09-09",19.37
"1180","2019-09-10",19.78
"1181","2019-09-11",19.63
"1182","2019-09-12",19.95
"1183","2019-09-13",19.97
"1184","2019-09-16",20.21
"1185","2019-09-17",19.91
"1186","2019-09-18",20.03
"1187","2019-09-19",20.02
"1188","2019-09-20",19.93
"1189","2019-09-23",19.93
"1190","2019-09-24",20.03
"1191","2019-09-25",19.95
"1192","2019-09-26",20
"1193","2019-09-27",20.01
"1194","2019-09-30",20.48
